"conversation_id_str","created_at","favorite_count","full_text","id_str","image_url","in_reply_to_screen_name","lang","location","quote_count","reply_count","retweet_count","tweet_url","user_id_str","username"
"2043271548086403426","Sun Apr 12 10:14:33 +0000 2026","0","anak kecil taunya main doang enak kali ya... tpi rasanya mengganggu banget klo bocil ngajak maindraining banget aku diem bentar abis nugas maksudnya istirahat mau merem dlu or nonton yt dikit malah ditarik bocil main yg ada makin cape aku","2043271548086403426","","","in","","0","0","0","https://x.com/undefined/status/2043271548086403426","1207958701245530113",
"2043184607563284639","Sun Apr 12 04:29:05 +0000 2026","0","aku berisik bgt kalo udah percaya sama orang kaya semuanya aku ceritain semalem aja aku di kopken sampe setengah empat padahal kita dah cape nugas dari jam berapa ‍️","2043184607563284639","","","in","","0","0","0","https://x.com/undefined/status/2043184607563284639","1367886730490044416",
"2043174249121345957","Sun Apr 12 03:47:55 +0000 2026","0","Yuk yang cape nugas sung joki sini. OPEN JOKI SPESS HUKUM &amp; SOSHUM. Bisa ngerjain semua tugas mu mulai dari makalah jurnal surat kuasa hukum acara jawab soal budel klinis dll Open juga joki judul skripsi hukum outline dan proposal Fee murah kerja ga asal bayar diakhir","2043174249121345957","","","in","","0","0","0","https://x.com/undefined/status/2043174249121345957","1198820683163127808",
"2042824355109826950","Sat Apr 11 16:45:10 +0000 2026","0","@yappingfess Nder aku pernah Konsul karena burnout akademik sama psikolog kampus trs psikolog nya balik curhat kali dia juga pernah depresi gara-gara putus. So even the educated one can be depressed karena patah hati. It isn't a easy problem so go ahead and book appointment ","2043007459820998884","","yappingfess","in","","0","0","0","https://x.com/undefined/status/2043007459820998884","1235056868466315266",
"2042985159834878082","Sat Apr 11 15:16:33 +0000 2026","0","siklus hidup gw beberapa hari terakhir ini 12 jam nugas 12 jam sakit wkwk cape ","2042985159834878082","","","in","","0","0","0","https://x.com/undefined/status/2042985159834878082","1886000472873648128",
"2042981179075498422","Sat Apr 11 15:00:44 +0000 2026","0","KONTOOOLLL GUA UDAH CAPE BANGET AJJING NUGAS MALAH NGULAH ADOBE GUA STUCK MONYETTTTT","2042981179075498422","","","in","","0","0","0","https://x.com/undefined/status/2042981179075498422","1926841476274659328",
"2042964991935156331","Sat Apr 11 13:56:25 +0000 2026","0","bener ya bangtan obat cape. suntuk + pusing seharian mikirin uts bejibun malemnya liat repostan bangtan konser tbtb matakku langsung seger even aku nugas sambil minum kopi tetep ga bikin semangat jir ","2042964991935156331","","","in","","0","0","0","https://x.com/undefined/status/2042964991935156331","1335221096241528832",
"2042909928642482365","Sat Apr 11 10:17:37 +0000 2026","0","ko kuat bgt ya feeling kk gue beneran semalem abis nangis bombay ke bang haidar dan bang galang perkara masalah void + kepanitiaan + akademik gue yg lagi messed up bgt karna gue burnout https://t.co/tVF2M7GDo8","2042909928642482365","https://pbs.twimg.com/media/HFnfwD6akAID6Qc.jpg","","in","","0","0","0","https://x.com/undefined/status/2042909928642482365","1351073755276193801",
"2042837407993839939","Sat Apr 11 05:29:26 +0000 2026","0","current state: cape nugas #gakuat","2042837407993839939","","","en","","0","0","0","https://x.com/undefined/status/2042837407993839939","1931367712498077696",
"2042701724297932994","Fri Apr 10 20:30:17 +0000 2026","0","cape banget jam segini msh nugas","2042701724297932994","","","in","","0","0","0","https://x.com/undefined/status/2042701724297932994","1739869120706011136",
"2042612405608550903","Fri Apr 10 14:35:22 +0000 2026","0","gua lagi nugas dari siang kaga kelar kelar enak bgt fort cape langsung ngendus leher peat. GUA GIMANA INI PUSING https://t.co/39hJMVovgR","2042612405608550903","https://pbs.twimg.com/amplify_video_thumb/2042612185411784707/img/akVfL4Cl2TnYpvQv.jpg","","in","","0","0","0","https://x.com/undefined/status/2042612405608550903","947818159364378625",
"2042586160372003267","Fri Apr 10 12:51:04 +0000 2026","0","ya allah aku udah cape nugaspengen nangis pengen tidur￼ kenapa banyak bgt si tugas ini enak on site ternyata","2042586160372003267","","","in","","0","1","1","https://x.com/undefined/status/2042586160372003267","4747996633",
"2042574056722174453","Fri Apr 10 12:02:58 +0000 2026","0","when demis ak udh cape tiap weekend ada acara ak mw nugas dgn tenang","2042574056722174453","","","in","","1","0","0","https://x.com/undefined/status/2042574056722174453","1506597956719607817",
"2042551396629909977","Fri Apr 10 10:40:49 +0000 2026","0","Temen gue cape denger gue ngeluh karena ikut kepanitiaan mulu aowkaoakao gmnn yhhh kuliah nugas pulang lowkey bosenin anjirrr","2042553381148070263","","tingyunu","in","","0","0","0","https://x.com/undefined/status/2042553381148070263","1593171286112366593",
"2042536678313828474","Fri Apr 10 09:34:27 +0000 2026","0","Kenapa aku klo capek nugas pasti mengerjakan hal yang lebih bikin cape","2042536678313828474","","","in","","1","0","0","https://x.com/undefined/status/2042536678313828474","1904749197271928832",
"2042160301509099830","Fri Apr 10 04:55:46 +0000 2026","0","@bingungtrs_ aku dulu jg mikir gini tp ramadhan kemaren aku nyoba sambil kerja ternyata bisa aslinya seru kok tapi ya cape ga serunya tuh klo ada tugas banyak bakal keteteran pulang kuliah sore trs lanjut kerja pulangnya jam set 9 malem abistu lanjut nugas ","2042466545629348197","","bingungtrs_","in","","0","0","0","https://x.com/undefined/status/2042466545629348197","1396780987103682568",
"2042368312911544397","Thu Apr 09 22:25:25 +0000 2026","2","Waspada Burnout Akademik Ini 5 Tanda Mahasiswa Perlu Berhenti Sejenak https://t.co/JBnxA9Hkgm","2042368312911544397","","","in","","0","0","0","https://x.com/undefined/status/2042368312911544397","3125580314",
"2042345691675292035","Thu Apr 09 20:55:32 +0000 2026","0","orgil nugas dari abis ashar balik kuliah sampe jam segini blm beresss dawwgggg cape dudukkkk gilaaaakkk","2042345691675292035","","","in","","0","0","0","https://x.com/undefined/status/2042345691675292035","853969942009438208",
"2042293914556907646","Thu Apr 09 17:29:47 +0000 2026","0","tugas bisa diem ga...aku cape nugas mhlu ga fokus nge kepop","2042293914556907646","","","in","","0","0","0","https://x.com/undefined/status/2042293914556907646","1980295373316083712",
"1904815993488277960","Thu Apr 09 16:47:11 +0000 2026","0","@Delynn_JKT48 biasa nugas del wkwk. ya sung istirahat cape banget keliatan nya #Dailynn @Delynn_JKT48","2042283193827803240","","daviprba","in","","0","1","0","https://x.com/undefined/status/2042283193827803240","1829475874296758272",
"2042276989302890522","Thu Apr 09 16:22:32 +0000 2026","0","klo cape nugas pasti pengen balik masa SMA","2042276989302890522","","","in","","0","0","0","https://x.com/undefined/status/2042276989302890522","1396780987103682568",
"2042255426700579117","Thu Apr 09 14:56:51 +0000 2026","0","cape nugas trs https://t.co/W33BEKR5mV","2042255426700579117","https://pbs.twimg.com/media/HFeMfOOboAA6BoH.jpg","","in","","0","0","0","https://x.com/undefined/status/2042255426700579117","1870096363687641088",
"2042203255300862293","Thu Apr 09 11:29:33 +0000 2026","0"," sayang hari ini aku cape kerja tadi agak hectic di kantor kamu gimana hari ini ? Kamu banyak tugas ya? After aku bebersih kita telfonan ya aku akan cerita tentang hari ini dan kamu juga cerita tentang hari ini sekalian aku nemenin kamu nugas juga MISALLLNYAAAAA","2042203255300862293","","","in","","0","1","0","https://x.com/undefined/status/2042203255300862293","1439059870557245449",
"2042186690039841262","Thu Apr 09 10:23:48 +0000 2026","0","bercerita dan memahami diri lebih dalam. Layanan ini dapat membantu Fikomers dalam berbagai hal seperti : Motivasi belajar rendah Menunda-nunda tugas atau skripsi Kesulitan mengatur waktu Merasa salah jurusan Burnout atau stres akademik Permasalahan akademik lainnya https://t.co/PoKHfPEdQX","2042186711988683189","https://pbs.twimg.com/media/HFdN-y5bIAAEkIY.jpg","Fikom_Gunadarma","in","","0","1","0","https://x.com/undefined/status/2042186711988683189","2489109150",
"2041869431132057628","Wed Apr 08 13:23:03 +0000 2026","0","gakwat cape bgt tadi dari pagi sampe sore full sorenya kader malemnya dipake nugas lagi haduu acu jadi gabisa napas https://t.co/l28IWAA1W3","2041869431132057628","https://pbs.twimg.com/media/HFYtbMXa8AA9Om8.jpg","","in","","0","0","0","https://x.com/undefined/status/2041869431132057628","1538813883020111873",
"2041797914968912295","Wed Apr 08 08:38:52 +0000 2026","0","kangen ujin... cape nugas","2041797914968912295","","","in","","0","0","0","https://x.com/undefined/status/2041797914968912295","2018361061712535552",
"2041718660570739071","Wed Apr 08 04:00:00 +0000 2026","0","@aleloveleedk cape bgt sampai mimpi pun nugas","2041727738458075419","","aleloveleedk","in","","0","0","0","https://x.com/undefined/status/2041727738458075419","1477665440327352323",
"2041591297904148878","Tue Apr 07 18:57:51 +0000 2026","0","kalo lagi ga pkl gue bisa sih sehari main mondar mandir ke sana ke mari ga cape (capenya pas pulang). tp kalo lagi pkl gini ga dulu sih. mending tidur demi apapun. ga tertarik bgt main badan gue udh remuk bossss. bahkan ke kafe pun ya kalo pengen nugas bukan karena pengen nongs","2041591297904148878","","","in","","0","0","0","https://x.com/undefined/status/2041591297904148878","1510841523532828677",
"2041579957777002771","Tue Apr 07 18:18:25 +0000 2026","0","minggu kedua kuliah : senin : ngelaprak &amp; nugas di nalar cafe selasa : mulung ke pasar buat nyaru bahan praktikum rabu : bimbingan &amp; praktikum ((kalo jd mau ngedate lagi)) kamis jum'at sabtu minggu : blm tau bakal ngapain tapi jujur ini aja udaa cape banget ya Allah","2041581375749570892","","ajaygelpen","in","","0","0","0","https://x.com/undefined/status/2041581375749570892","1606630654984466432",
"2041556209468395594","Tue Apr 07 16:38:25 +0000 2026","1","hehe lucu banget da hari ni sibuk bgt bgt cape dan kurang tidur pulang pulang sore banget masih harus ngurus ini itu dan nugas segala TAPI sempet banget nyelesaiin semuanya + nyuci baju bersihin kamar mandi bersihin kamar.. grgr my wife ak tiplun jir ku jadi bersemanhat","2041556209468395594","","","in","","0","1","0","https://x.com/undefined/status/2041556209468395594","2036882702742548480",
"2041553681624273019","Tue Apr 07 16:28:22 +0000 2026","0","cape nugas jalan jalan yok","2041553681624273019","","","in","","0","0","0","https://x.com/undefined/status/2041553681624273019","1794952947069321216",
"2041552408715948494","Tue Apr 07 16:23:19 +0000 2026","0","nugas trus peler cape https://t.co/qfIn5fUEFT","2041552408715948494","https://pbs.twimg.com/media/HFUNGKWaEAAMy2p.jpg","","in","","0","0","0","https://x.com/undefined/status/2041552408715948494","1690108679662833667",
"2041462062216589373","Tue Apr 07 15:54:51 +0000 2026","0","@gIossaryx huhuhuhu cape ini dd soalnya bobo malem mulu karna nugas","2041545248044920914","","gIossaryx","in","","0","0","0","https://x.com/undefined/status/2041545248044920914","2033213367977226240",
"2041537739833938013","Tue Apr 07 15:25:01 +0000 2026","0","Gw adlh manusia yg memilih untuk dekor profil line dibanding nugas dl besok Karna gw cape! Alias gabisa mikir","2041537739833938013","","","in","","0","0","0","https://x.com/undefined/status/2041537739833938013","1904193880687517696",
"2041524029241368829","Tue Apr 07 14:30:32 +0000 2026","0","ya Allah sibukku nugas trs (cape)","2041524029241368829","","","in","","0","0","0","https://x.com/undefined/status/2041524029241368829","1613481714243997696",
"2041501054383342006","Tue Apr 07 12:59:15 +0000 2026","0","jirss gua baru balik nugas dari kampus di suguhin 5 cogan mengobati rasa cape hari iniii","2041501054383342006","","","in","","0","0","0","https://x.com/undefined/status/2041501054383342006","1265880318013140992",
"2041234248099885326","Mon Apr 06 19:19:03 +0000 2026","0","orgilll anjir gw udah cape bgt nugas shibal","2041234248099885326","","","in","","0","0","0","https://x.com/undefined/status/2041234248099885326","1468983079045791745",
"2041189574404432253","Mon Apr 06 16:21:32 +0000 2026","0","hari ini ga nugas seharian tapi rasanya cape banget...","2041189574404432253","","","in","","0","0","0","https://x.com/undefined/status/2041189574404432253","1643624927696764928",
"2041175639731094007","Mon Apr 06 15:26:10 +0000 2026","0","cape bgt nugas hari ini ","2041175639731094007","","","in","","0","0","0","https://x.com/undefined/status/2041175639731094007","1287794722656854016",
"2041114968150688077","Mon Apr 06 11:25:05 +0000 2026","0","jujur hari ini cape bgt entah knp pas tadi lagi nugas gue beneran kaya??? gabisa mikir??? KAYANYA ADA DEH 5 MENIT cuma diem ngeliatin data data doang???","2041114968150688077","","","in","","0","0","0","https://x.com/undefined/status/2041114968150688077","1873360552208322560",
"2041109922168078487","Mon Apr 06 11:05:02 +0000 2026","0","coping mechanism kalo lg burnout akademik &gt; ngeliat design kebaya wisuda https://t.co/H2PgXUHEf0","2041109922168078487","https://pbs.twimg.com/media/HFN6p0abgAAe9G1.jpg","","in","","0","0","0","https://x.com/undefined/status/2041109922168078487","1476767703427731458",
"2041056373857988781","Mon Apr 06 07:32:15 +0000 2026","0","audah ah cape nugas artikel mending main P3R https://t.co/s55SkZeBMR","2041056373857988781","https://pbs.twimg.com/media/HFNJ9HzaUAAW_M5.jpg","","in","","0","1","0","https://x.com/undefined/status/2041056373857988781","1504723042001309696",
"2041027853077389530","Mon Apr 06 05:38:55 +0000 2026","0","jujur mw bgt yah abis cape nugas trs kelon","2041027853077389530","","","in","","0","0","0","https://x.com/undefined/status/2041027853077389530","1695658691746562048",
"2040460186339749894","Sat Apr 04 16:03:12 +0000 2026","0","Senin-sabtu isinya nugas doang gua cape","2040460186339749894","","","in","","0","0","0","https://x.com/undefined/status/2040460186339749894","1490871493382721539",
"2040460083394756961","Sat Apr 04 16:02:48 +0000 2026","0","Seminggu ini ak full nugas cape bsnget jujur","2040460083394756961","","","in","","0","0","0","https://x.com/undefined/status/2040460083394756961","1767423188961746944",
"2040419983398981775","Sat Apr 04 13:23:27 +0000 2026","0","jujur 2 harian ini gw ga nginep di kos karena nugas di luar anjirrr cape bggtttt ngantuk ","2040419983398981775","","","in","","0","0","0","https://x.com/undefined/status/2040419983398981775","2038362664934506497",
"2040404055294386555","Sat Apr 04 12:20:10 +0000 2026","6"," ges seriusss dehhh gw sudah mulai stress dan burnout akademik menurun https://t.co/Pw6ABF3hTE","2040404055294386555","https://pbs.twimg.com/media/HFD4rPdWAAAyITK.jpg","","in","","0","6","1","https://x.com/undefined/status/2040404055294386555","1331650559518990336",
"2040366958986834127","Sat Apr 04 09:52:45 +0000 2026","0","cape ya skripsian nugas ke kampus ke luar dikiranya main kuliah jg full nyari aung sendiri dikata2in ini letak benernya di mana sebenernya?","2040366958986834127","","","in","","0","1","0","https://x.com/undefined/status/2040366958986834127","1076737951516639232",
"2040304903122497994","Sat Apr 04 05:46:10 +0000 2026","0","cape nugas https://t.co/gOoN7decSP","2040304903122497994","https://pbs.twimg.com/media/HFCefnxawAAF7Ws.jpg","","es","","0","1","0","https://x.com/undefined/status/2040304903122497994","1637439096258969602",
"2040300425581306183","Sat Apr 04 05:28:23 +0000 2026","0","Mark ni berimpact juga lo sama tugas gua gua jadi nyari kesibukan dengan nugas lebih awal karena gamau keingetan terus sampe temen gua bilang santai dulu ga si lu gamau libur sebentar dulu? lu ga cape? ","2040300425581306183","","","in","","0","1","0","https://x.com/undefined/status/2040300425581306183","1892779088433299456",
"2040133558476665235","Fri Apr 03 18:25:19 +0000 2026","0","Other sides paham jg gmn (maybe) burn out nya dia yg udh working VERY hard and give all his best in this past 10 years and maybe for him thats enough. Same as us yg kerja/nugas dikejar deadline dlm wktu seminggu aja udh cape pgn istirahat. So does mark lee too.. yagasi..","2040133561580499450","","23blueyello","in","","0","1","0","https://x.com/undefined/status/2040133561580499450","1468263396126584832",
"2040075586115338441","Fri Apr 03 14:34:57 +0000 2026","0","cape sedih trus nugas sambil nangis ngga enak bgt mau mark :( mau 7dream :(","2040075586115338441","","","in","","0","1","0","https://x.com/undefined/status/2040075586115338441","1429676727563821056",
"2040064088643145932","Fri Apr 03 13:49:15 +0000 2026","0","ih cape nugas.. gw mau jbjb dengan tenang","2040064088643145932","","","in","","0","1","0","https://x.com/undefined/status/2040064088643145932","1814893224278044673",
"2040008612756742506","Fri Apr 03 10:08:49 +0000 2026","0","Burnout parah gw yakin akademik gw ancur si ini","2040008612756742506","","","in","","0","0","0","https://x.com/undefined/status/2040008612756742506","1703935344884981760",
"2039952059236257880","Fri Apr 03 06:24:06 +0000 2026","16","cape banget di entod tugas tiap hari aku nugas dulu ya sayang /misalnya #gaysemarang https://t.co/4WIBbn2aHZ","2039952059236257880","https://pbs.twimg.com/media/HE9dlTmbkAAwK32.jpg","","in","","0","0","0","https://x.com/undefined/status/2039952059236257880","1448126067156430856",
"2039928676167692636","Fri Apr 03 04:51:11 +0000 2026","0","cape banget nugas untung ada my bebe️","2039928676167692636","","","in","","0","0","0","https://x.com/undefined/status/2039928676167692636","1980865962347024384",
"2039723702246637717","Thu Apr 02 15:17:26 +0000 2026","1","ALIAS CAPE BGT PLS NGADEPPP LAPTOP SEHARIAAANNN NUGAS AKSHBSBDVGSGSBSGSG ","2039723892785484021","","hooneyjoy","in","","0","0","0","https://x.com/undefined/status/2039723892785484021","1680959517843144704",
"2039695979050627363","Thu Apr 02 13:26:31 +0000 2026","0","jujur cape banyak hal yg bikin emotional unstable hari ini niat nugas diperpus ga fokus samsek hopefully besok bisa submit tugas sore￼ https://t.co/VtXI9caHFQ","2039695979050627363","https://pbs.twimg.com/media/HE50rb5bQAAgdMn.jpg","","in","","0","0","0","https://x.com/undefined/status/2039695979050627363","1525711052851146752",
"2039669986927722987","Thu Apr 02 11:48:39 +0000 2026","0","@delliii27 cape kali dia kebanyakan nugas","2039671350680543245","","delliii27","in","","0","1","0","https://x.com/undefined/status/2039671350680543245","1860894593283420160",
"2039620515502186817","Thu Apr 02 08:26:39 +0000 2026","0","Anjir abis nugas lihat cowo cowoku jadi ga cape lagi","2039620515502186817","","","in","","0","0","0","https://x.com/undefined/status/2039620515502186817","1742517046368403456",
"2039413549886517415","Wed Apr 01 18:44:15 +0000 2026","1","cape bangett gueeee kelar kelas setengah 6 sore lanjut nugas baru kelar banget jam segini besok kelas pagi jam 7??? INI MAU BUAT GUE MATI APA GMNA SIH KONTOLLL","2039413549886517415","","","in","","0","0","0","https://x.com/undefined/status/2039413549886517415","1121425825843126272",
"2039351410480095390","Wed Apr 01 14:37:20 +0000 2026","0","jir konyol gue tidur abis praktek krn cape niat bangun jam 5 buat nugas bangun bangun jam set 10 gadang deh","2039351410480095390","","","in","","0","0","0","https://x.com/undefined/status/2039351410480095390","2008563235830853634",
"2039315606042980419","Wed Apr 01 13:01:32 +0000 2026","0","@Eolair cape dikit abis nugas hbuu","2039327303277350988","","Eolair","in","","0","1","0","https://x.com/undefined/status/2039327303277350988","2007367043415453704",
"2039319017425637613","Wed Apr 01 12:28:44 +0000 2026","0","cape nugas trus","2039319048585130259","","k444ramazowv","en","","0","0","0","https://x.com/undefined/status/2039319048585130259","1211881722305888256",
"2039077519065051158","Tue Mar 31 20:28:59 +0000 2026","9","baru sampe kos sumpah cape bgt nugas hari ini draining nya mampus banget ","2039077519065051158","","","in","","0","1","0","https://x.com/undefined/status/2039077519065051158","1523478949921439745",
"2039035719700861228","Tue Mar 31 17:42:53 +0000 2026","0","semangat nugas yaa kl udh cape langsung istirahat yaa jgn dipaksa @CErine_JKT48","2039035719700861228","","","in","","0","0","0","https://x.com/undefined/status/2039035719700861228","1398460363037831178",
"2039030846037086563","Tue Mar 31 17:23:31 +0000 2026","1","bunda slalu bilang nikmatin masa sma kalo aku lagi ngeluh waktu itu terus beneran aku nikmatin cape capenya belajar nugas kerkom latihan saman sampe sore. sekarang malah jadi susah banget lepasinnya D:","2039030846037086563","","","in","","0","1","0","https://x.com/undefined/status/2039030846037086563","1518023013232353283",
"2038972302348705825","Tue Mar 31 13:30:53 +0000 2026","0","Kenapa ya balik masuk sekolah yg pulangnya jam set 4 pasti suka ketiduran loh benci bgt kayak buang2 waktu gitu tapi ya cape tapi ya gmn ya.. bangun2 hrus nugas bljr buat UH ngedit ppt inilah itu","2038972302348705825","","","in","","0","1","0","https://x.com/undefined/status/2038972302348705825","1477196480897175552",
"2038301203109650927","Sun Mar 29 17:04:11 +0000 2026","34","00:03 bobo yuu beres nugas nie cape","2038301203109650927","","","in","","0","11","0","https://x.com/undefined/status/2038301203109650927","338149838",
"2038287181308105097","Sun Mar 29 16:08:28 +0000 2026","0","bye begadang ma ngga da nnti ge nugas ampe subuh tp BYE banget bangun siangggggg anjir lah fak liat jdwal praktikum nnti mei gt gada jeda krna libur idul adha cape praktikum pls yg bener² d bayanginnya aja udah cape takut serem","2038287181308105097","","","in","","0","0","0","https://x.com/undefined/status/2038287181308105097","1721112681619542016",
"2038266966360879371","Sun Mar 29 15:17:18 +0000 2026","0","@keonyep Kocak bgtt ya allah lagi cape cape nya abis nugas tiba-tiba ada yg req cariin barang ","2038274307621855733","","keonyep","in","","0","0","0","https://x.com/undefined/status/2038274307621855733","1243914510798221312",
"2038210209362149534","Sun Mar 29 14:28:06 +0000 2026","0","@coupshanie_ wihh mamm apa tuu akuu habis nugas t___t cape skali","2038261925839307113","","coupshanie_","in","","0","1","0","https://x.com/undefined/status/2038261925839307113","2017981200787533825",
"2038256550662574490","Sun Mar 29 14:06:45 +0000 2026","0","cape bgt nugas panitia nugas panitia nugas panitia gitu aja trs sampe firaun bangkit","2038256550662574490","","","in","","0","0","0","https://x.com/undefined/status/2038256550662574490","1275656774419431428",
"2038241657649607154","Sun Mar 29 13:07:34 +0000 2026","0","tiap gua nugas dan abis cape aktivitas seharian trs gua liat kucing gua tdr kadnag reflek otak gau apa gua jd kucing ya kalo jd kucing enak ga kuliah ga kerja gada tanggung jwb tapi ga ah gaenak makanannya bosen mana bisa dia makan mie ayam https://t.co/aN1eT1sAN7","2038241657649607154","https://pbs.twimg.com/media/HElJ-yPa0AAeTnA.jpg","","in","","0","0","0","https://x.com/undefined/status/2038241657649607154","1816913502138957824",
"2038227826504355906","Sun Mar 29 12:12:36 +0000 2026","3","balik lg dengan jaringan yg bapuk mandi pake air dingin sibuk nugas harus nyari makan sendiri cuci baju sendiri cuci piring sendiri setrika sendiri apa-apa sendiri ngebayanginnya aja udh cape duluann ‍‍ mauu liburrr lg plsssssss","2038227826504355906","","","in","","0","0","0","https://x.com/undefined/status/2038227826504355906","1102123733936832512",
"2038226576123576622","Sun Mar 29 12:07:38 +0000 2026","0","MUAKKK cape bgt monuett nugas lagi pusing lagi mikirin tanggung jawab izin izin‍️ gasabar liburan lagi","2038226576123576622","","","in","","0","0","0","https://x.com/undefined/status/2038226576123576622","2030613922412367872",
"2038058990060671402","Sun Mar 29 12:04:55 +0000 2026","0","@nelavirdiasr terlepas dari uang yaa pertama klo lagi sendiri dan harus masak itu cape apalagi banyak tugas trs kalau mau nge-gofood kek males ambil ke luar. jd kdg aku sendiri bisa makan cmn sekali atau seharian ga makan krn ya literally males mending nugas. gitu deh","2038225892837847351","","nelavirdiasr","in","","0","0","0","https://x.com/undefined/status/2038225892837847351","1685531642952372224",
"2038200314411851921","Sun Mar 29 10:23:17 +0000 2026","0","Kalo lg cape nugas enaknya emang ke X bisa ngelampiasin emosi ke pemerintah","2038200314411851921","","","in","","0","0","0","https://x.com/undefined/status/2038200314411851921","1671756980602691584",
"2037828889192345620","Sun Mar 29 05:14:25 +0000 2026","1","@myitsfess Alph bawahnya galaxy gaming klo cape nugas tinggal naik maen game","2038122587474305245","","myitsfess","in","","0","0","0","https://x.com/undefined/status/2038122587474305245","2010500650543759360",
"2037544027831296132","Fri Mar 27 14:55:26 +0000 2026","0","Tdi dd hbis nugas cape skarang maw bca au ajah hmmz hmzz sibuk nyah dirikuh (sibuk turu)","2037544027831296132","","","in","","0","0","0","https://x.com/undefined/status/2037544027831296132","1740050667589574656",
"2037533054718419175","Fri Mar 27 14:11:50 +0000 2026","0","especially kalo lg magang gini lol bawaannya cape terus abis kerja jd ga mood nugas ","2037533054718419175","","","in","","0","0","0","https://x.com/undefined/status/2037533054718419175","1964630585764159488",
"2037532122911780921","Fri Mar 27 14:08:08 +0000 2026","0","sebenrnya nugas di rumah cape tapi aku punya anak yng bisa disuruh peluk dan sodara yang selalu kasi cemilan","2037532122911780921","","","in","","0","0","0","https://x.com/undefined/status/2037532122911780921","1617416140694884353",
"2037430492786831839","Fri Mar 27 07:24:17 +0000 2026","0","mixue - nyobain mixue yg taro karna lg cape nugas diperpus trus dipesenin ini sm my boyfiee - rasanya ya kaya taro pada umumnya tapi ini full banget 1 cup good job mixue klo org jawa blg marem - ratingnya 7/10 https://t.co/TJNbvkDYXh","2037430492786831839","https://pbs.twimg.com/media/HEZoNUTaEAAiS3O.jpg","","in","","0","0","0","https://x.com/undefined/status/2037430492786831839","1410202363218960388",
"2037190473954234682","Thu Mar 26 15:30:32 +0000 2026","0","gila gw seharian cape bgt acara keluarga nugas rapat abistu dikasih kek gini langsung ilang capenya https://t.co/kKZj8Wstoj","2037190473954234682","https://pbs.twimg.com/amplify_video_thumb/2037132392255885312/img/0VG1_FPpi8AYY-sa.jpg","","in","","0","0","0","https://x.com/undefined/status/2037190473954234682","1342439817771065344",
"2037190296405237911","Thu Mar 26 15:29:50 +0000 2026","0","tugas udah selesai hujan besok free saat nya tidur. besok bangun siang aja ah cape juga jadi morning person karna mau nugas...","2037190296405237911","","","in","","0","0","0","https://x.com/undefined/status/2037190296405237911","1435497496424304642",
"2037175809375690777","Thu Mar 26 14:32:16 +0000 2026","0","Cape bgt nugas dari siang niat buka tl bentar ternyata makin panas anjir","2037175809375690777","","","in","","0","0","0","https://x.com/undefined/status/2037175809375690777","1507638816378847236",
"2037045568384753699","Thu Mar 26 05:54:44 +0000 2026","0","Yuk yang cape nugas sung joki sini. OPEN JOKI SPESS HUKUM &amp; SOSHUM. Bisa ngerjain semua tugas mu mulai dari makalah jurnal surat kuasa hukum acara jawab soal budel klinis dll Open juga joki judul skripsi hukum outline dan proposal Fee murah kerja ga asal bayar diakhir","2037045568384753699","","","in","","0","0","0","https://x.com/undefined/status/2037045568384753699","1198820683163127808",
"2036829248325890542","Wed Mar 25 23:04:37 +0000 2026","0","@tanyarlfes aa sunda pengangguran sugan ya org lg nugas udh pasti cape masi dituntut buat kasi perhatian penuh sm yg ga ngapa² in.","2036942356835127314","","tanyarlfes","in","","0","0","0","https://x.com/undefined/status/2036942356835127314","1933043122910679040",
"2036892795622089212","Wed Mar 25 19:47:40 +0000 2026","0","Kmrn cape bgt habis nugas sampe ga tidur dan harus lanjut nugas lagi jadi aku nugas di cafe sendiri. Cafenya emg cafe kecil sepi gitu. Tp krn saking capenya aku cuma bengong aj di depan laptop dan lgsg pulang. Aku di jalan ngasihanin diri sendiri krn kaya lg hilang arah bgt..","2036892795622089212","","","in","","0","0","0","https://x.com/undefined/status/2036892795622089212","1281444815117225984",
"2036642155515785586","Wed Mar 25 03:11:43 +0000 2026","0","ya allah cape nugas","2036642155515785586","","","in","","0","0","0","https://x.com/undefined/status/2036642155515785586","1425597143335591937",
"2036478440048828895","Tue Mar 24 16:21:10 +0000 2026","0","di rl cape nugas di sini cape baca ribut","2036478440048828895","","","in","","0","0","0","https://x.com/undefined/status/2036478440048828895","1899939735034093576",
"2036442718684192837","Tue Mar 24 13:59:14 +0000 2026","0","Sumpah secape capenya kuliah bakal lebih cape sekelompok sama org yg males baca males nugas males males males semuanya dia males","2036442718684192837","","","in","","0","1","0","https://x.com/undefined/status/2036442718684192837","1381935368463773702",
"2036352318690697320","Tue Mar 24 08:00:01 +0000 2026","0","jujur udh cape banget nugas mulu","2036352318690697320","","","in","","0","0","0","https://x.com/undefined/status/2036352318690697320","4750792959",
"2036279098490896836","Tue Mar 24 05:27:19 +0000 2026","0","@99lovingmk cape euy. ga nugas nugas jdnyah tp mayan c thr","2036313890859131066","","99lovingmk","in","","0","0","0","https://x.com/undefined/status/2036313890859131066","2017637749629849603",
"2036276961128096175","Tue Mar 24 03:00:34 +0000 2026","0","nugas tuh cape bgt ya","2036276961128096175","","","in","","0","1","0","https://x.com/undefined/status/2036276961128096175","1658451283962118144",
"2036081234359767284","Mon Mar 23 14:02:49 +0000 2026","0","alah kontolbacain hate komen bikin cape cok mending dangdutan anjir oh iya drop ht gw mau nugas dl. ENDLESS LOVE FOR HEESEUNG #AlwaysTogetherHEESEUNG #희승아_항상_함께_있어줘 #HEESEUNG #희승","2036081234359767284","","","in","","0","1","0","https://x.com/undefined/status/2036081234359767284","1349336056064212992",
"2035986194287522099","Mon Mar 23 07:45:10 +0000 2026","0","Cape banget padahal belom beres emg ga ahli nugas sendiri di tempat sepi gampang bosan","2035986194287522099","","","in","","0","0","0","https://x.com/undefined/status/2035986194287522099","1903432672510455808",
"2035924386855964804","Mon Mar 23 04:18:55 +0000 2026","0","@naflanyaa kalo normalisasi kurang tidur dan burnout gila gilaan demi balance akademik organisasi dan lomba gmn tuh kak","2035934289083396547","","naflanyaa","in","","0","1","0","https://x.com/undefined/status/2035934289083396547","1559512457353170947",
"2035768797710418307","Sun Mar 22 17:21:18 +0000 2026","0","pecah bgt perasaan gua mlm ini cape nugas sakit badan perut haid day 1 segala gala nya ya allah","2035768797710418307","","","in","","1","0","0","https://x.com/undefined/status/2035768797710418307","1268490517215506433",
"2035395423586967829","Sun Mar 22 10:39:22 +0000 2026","1","@wrixlecalm Aku jg pernah lagi lagi post foto laptop sama perpus gitu pas skripsian dibuat story sama dia dg caption seakan2 cape nugas. Padahal dia blgnya kuliah di unpad masa iya perpus kampus swasta di crb dia jg blg kuliah di unpad bohong ternyata","2035667646826586348","","wrixlecalm","in","","0","0","0","https://x.com/undefined/status/2035667646826586348","1248170058708209669",
"2032023272309887271","Thu Mar 12 09:17:55 +0000 2026","0","gue cape bngt nugas wallaaahi","2032023272309887271","","","in","","0","0","0","https://x.com/undefined/status/2032023272309887271","1473974749797646336",
"2031763625803948156","Wed Mar 11 16:06:11 +0000 2026","0","Cape bgt deh org org udah libur gua masi kelas dan nugas :(","2031763625803948156","","","in","","0","0","0","https://x.com/undefined/status/2031763625803948156","1801977609607385088",
"2031755791904981184","Wed Mar 11 15:35:03 +0000 2026","9","aku kan mau konsul ke psikolog dari kampus ya krn burnout jd caregiver. masa sm adminnya suruh konfirmasi ke dospem dulu pdhl ini ga berkaitan sm akademik dan aku nya gamau aja makin banyak org tau ttg masalahku. kalo aku nolak gpp kan? ","2031755791904981184","","","in","","0","2","0","https://x.com/undefined/status/2031755791904981184","1331650559518990336",
"2031734741712671158","Wed Mar 11 14:11:24 +0000 2026","0","Kenapa org ribet bgt dah w mau nugas susah masalahnya w udah cape bgt jujur abis event tudey seharian","2031734741712671158","","","in","","0","0","0","https://x.com/undefined/status/2031734741712671158","1304573348811141124",
"2031696902845276244","Wed Mar 11 11:41:03 +0000 2026","0","cape nugas","2031696902845276244","","","es","","0","0","0","https://x.com/undefined/status/2031696902845276244","1559137593287393280",
"2031416140015219080","Tue Mar 10 17:05:24 +0000 2026","0","baru kelar nugas cape bgt badan","2031416140015219080","","","in","","0","0","0","https://x.com/undefined/status/2031416140015219080","1681926479792463872",
"2031415974973616132","Tue Mar 10 17:04:44 +0000 2026","0","Ini kapan libur siiii gw cape nugas stiap hri ","2031415974973616132","","","in","","0","0","0","https://x.com/undefined/status/2031415974973616132","1800490286885552128",
"2031357666157883894","Tue Mar 10 13:13:03 +0000 2026","0","gue nugas dulu deh tugas banyakbbgt gilaa.. abis ini mau self reward dengan bermalas malasan &amp; nonton rachalog :( huhu cape bangetttttt ‍️ gasukaa kuliah lemess gue.","2031357666157883894","","","in","","0","1","0","https://x.com/undefined/status/2031357666157883894","1420986696594714626",
"2031194522588491806","Tue Mar 10 02:24:46 +0000 2026","2","ak udh gpny energi buat nugas jir..... cape bgt","2031194522588491806","","","in","","0","5","0","https://x.com/undefined/status/2031194522588491806","1937917951757455361",
"2031185507871502396","Tue Mar 10 01:48:57 +0000 2026","5","lagi ngejar organisasi sm akademik tp burnout sendiri aowkow. Jadi smt ini fokus lomba ama push akademik lg. Organisasi pause dlu","2031185507871502396","","","in","","0","1","0","https://x.com/undefined/status/2031185507871502396","1646381470758604801",
"1976744180425818130","Fri Oct 10 20:20:30 +0000 2025","0","tapi rasanya udh kebangun trus mandi sama nugas aja dh syukur karena biasanya pulang kampus langsung tepar apalagi pulang malem cape wkwkwk","1976744670161256761","","twinskookie","in","","0","0","0","https://x.com/undefined/status/1976744670161256761","1298503663288111105",
"1976611778965725494","Fri Oct 10 11:32:26 +0000 2025","0","cape banget hari ini masih harus nugas amcisss. maaf ya jarang berinteraksi ","1976611778965725494","","","in","","0","5","0","https://x.com/undefined/status/1976611778965725494","1858042078833651712",
"1976307706429571373","Thu Oct 09 16:04:42 +0000 2025","0","@martinlucu rebahan aja cape habis nugas","1976317907929006125","","martinlucu","in","","0","1","0","https://x.com/undefined/status/1976317907929006125","1378550789124227072",
"1976310105072406575","Thu Oct 09 15:56:56 +0000 2025","0","@chocofrappp lagi burnout stress akademik","1976315953936990241","","chocofrappp","in","","0","1","0","https://x.com/undefined/status/1976315953936990241","1605227811102302210",
"1976299102037270876","Thu Oct 09 14:59:10 +0000 2025","0","@HarrisCainee Ayyiss cape bgt masi nugas jam segini","1976301416970059931","","HarrisCainee","in","","0","0","0","https://x.com/undefined/status/1976301416970059931","1390245447105531906",
"1976289626060173541","Thu Oct 09 14:56:59 +0000 2025","0","@ourdailydoo harii inii full nugas di kelas pliss.. cape poll.. jd baru sempet buka twt malem² ginii kalau kakaa hari ini ngapaaainn?? gimana harinyaa??","1976300869084905909","","ourdailydoo","in","","0","1","0","https://x.com/undefined/status/1976300869084905909","1971243559274926080",
"1975928594049425424","Thu Oct 09 09:22:41 +0000 2025","1","@KucengTerbanggg Tema : 1. Keseimbangan antara dunia digital dan real life 2. Mengatasi stres dan burnout 3. Mengatasi prokrastinasi akademik 4. meningkatkan kepercayaan diri 5. mengelola emosi yang tidak stabil NB : pas masuk matkul pak fuad harus dan tersusun 10 tema‼️","1976216739282309552","","KucengTerbanggg","in","","0","0","0","https://x.com/undefined/status/1976216739282309552","1170553622393839616",
"1976145986604105811","Thu Oct 09 04:41:32 +0000 2025","0","padahal niatnya pagi pagi tuh mau nugas sampe mau berangkat ke kampus tp ternyata cape bgt malah tidur lgi","1976145986604105811","","","in","","0","0","0","https://x.com/undefined/status/1976145986604105811","1343170928088211458",
"1976103360211325341","Thu Oct 09 01:52:09 +0000 2025","3","Wkkwwk dari senin bilang usapin dulu rambut kk mau rehat btr abis itu mau begadang nugas tp di ledek adek2 aku bjil katanya begadang apaan baru di usap sebentar udah pules tp emg cape sih sampe rumah jam 11 niat nugas dlu sampe jam 12 mau lurusin punggung mlh bablas","1976103360211325341","","","in","","0","0","0","https://x.com/undefined/status/1976103360211325341","1186143907446321152",
"1975878312015908888","Wed Oct 08 10:57:54 +0000 2025","0","mw nugas tp mager+cape bgt yaallah","1975878312015908888","","","in","","0","0","0","https://x.com/undefined/status/1975878312015908888","1227133195449073669",
"1975577068424528282","Tue Oct 07 15:00:52 +0000 2025","1","cape bgt :((( smgt twtw smgt nugas smgt uts tepuk sakinah ","1975577068424528282","","","in","","0","2","0","https://x.com/undefined/status/1975577068424528282","1810720471090176000",
"1975552301260825036","Tue Oct 07 13:22:27 +0000 2025","0","Iyes abis beresin desain 4 kmrn aku tidur lalu mimpi ngerjain lagi itu desain GW CAPE BGT TIDUR PUN NUGAS Mana di mimpi itu selain dipantau Ning ge dipantau dosen ku juga ","1975552301260825036","","","in","","0","0","0","https://x.com/undefined/status/1975552301260825036","1477767586423005190",
"1975379507055108428","Tue Oct 07 01:55:49 +0000 2025","0","Ponakan ku bru kelas 3 SD liat gw nugas kuliah terus tanya kuliah brapa lama? Sulit? Terus bilang nanti g mau kuliah. Soalnya nambah in kerjaan cape sekolah. oh dear trust me im ready to risk it all just to back to school again","1975379507055108428","","","in","","0","0","0","https://x.com/undefined/status/1975379507055108428","1562442344380911617",
"1975257897291686107","Mon Oct 06 17:52:35 +0000 2025","2","DAMN ABIS CAPE NUGAS DISUGUHI BITONEMI kan jadi enak","1975257897291686107","","","in","","0","2","1","https://x.com/undefined/status/1975257897291686107","1801305197349871616",
"1975244856449708056","Mon Oct 06 17:00:46 +0000 2025","0","baru kali ini nugas sampe malam terasa cape bgt biasa seger2 aja jir","1975244856449708056","","","in","","0","0","0","https://x.com/undefined/status/1975244856449708056","1455922266882019336",
"1975223024866804089","Mon Oct 06 15:34:01 +0000 2025","3","Cape nugas:) https://t.co/cwNamoSbJk","1975223024866804089","https://pbs.twimg.com/media/G2lm3rYaUAAOcL5.jpg","","es","","0","1","0","https://x.com/undefined/status/1975223024866804089","1754318150034915328",
"1975211678246838396","Mon Oct 06 14:48:56 +0000 2025","0","Abis cape nugas dikasih pap begini sama esan emang MANTAPPP ilysm pls banyak banyak kirfot yah","1975211678246838396","","","in","","0","0","0","https://x.com/undefined/status/1975211678246838396","1915401006466424840",
"1975196768154579186","Mon Oct 06 14:05:06 +0000 2025","0","@oPrwetty heh kemana aja ? pasti adel cape nugas semangat terussss yaaa sampe nanti bisa buka apotik sendiri ","1975200649395732626","","oPrwetty","in","","0","0","0","https://x.com/undefined/status/1975200649395732626","1439653379257487360",
"1975180270073765943","Mon Oct 06 12:44:08 +0000 2025","0","hue sedih aku cape nugas gini trs:(","1975180270073765943","","","in","","0","0","0","https://x.com/undefined/status/1975180270073765943","1538727057412493313",
"1974883603558678669","Mon Oct 06 06:13:44 +0000 2025","0","@reaanuuu CAPE NUGAS mau metong","1975082024034828522","","reaanuuu","in","","0","1","0","https://x.com/undefined/status/1975082024034828522","1215121323631923200",
"1975082000622158195","Mon Oct 06 06:13:38 +0000 2025","0","gue baru tau ut majuin deadline diskusi.. bnr2 jadi cmn seminggu? gile bro gue sambil kerja pp bisa 1 5 jam ditoko 9 jam udh cape bgt dan harus nugas tapi cmn dikasih waktu seminggu tuh gmn caranya deh?","1975082000622158195","","","in","","0","0","0","https://x.com/undefined/status/1975082000622158195","987653474744594432",
"1974852166344175954","Sun Oct 05 15:00:22 +0000 2025","0","cape bgt habis nugas badan pada encok smua grgr kelamaan duduk","1974852166344175954","","","in","","0","1","0","https://x.com/undefined/status/1974852166344175954","1968304421605142529",
"1974789128714870931","Sun Oct 05 10:49:52 +0000 2025","0","Cape bgt gue 5 jam duduk mulu di kendaraan It's time to rest! Tp ntar malem hrs lanjut nugas jga duh.. kuat-kuat pacarnya awon ","1974789128714870931","","","in","","0","2","0","https://x.com/undefined/status/1974789128714870931","1308202019841216513",
"1974753683834589642","Sun Oct 05 08:29:02 +0000 2025","0","Gila cape bgt lagi nugas zoom gmeet harus bertarung sama jaringan tri yang ilang-ilangan ‍","1974753683834589642","","","in","","0","0","0","https://x.com/undefined/status/1974753683834589642","1888190273097969665",
"1974435913603444986","Sun Oct 05 01:01:19 +0000 2025","0","@kaedchara egk jadi semalem aku tidur cape nugas","1974641012564955556","","kaedchara","in","","0","1","0","https://x.com/undefined/status/1974641012564955556","1350980420175863814",
"1974503524324319329","Sat Oct 04 15:54:59 +0000 2025","0","Kalau cape nugas bawaanya pengen punya cowo yang bisa nemenin gitu tapiiiii manaaaa","1974503524324319329","","","in","","0","0","0","https://x.com/undefined/status/1974503524324319329","1841461915085934592",
"1974493347466416322","Sat Oct 04 15:19:24 +0000 2025","0","@meddiected sibuk nugas sampe cape wkwkw","1974494568226972145","","meddiected","in","","0","1","0","https://x.com/undefined/status/1974494568226972145","1959199413001506816",
"1974490995116130603","Sat Oct 04 15:05:12 +0000 2025","0","IYA LAGI CAPE NUGAS Baru kelar ngerjain UTS video (baru take) ini mau lanjut ngedit terus deadlinenya besok jam 12 STRESSS ABIEEZZ @M_OlineJKT48","1974490995116130603","","","in","","0","0","0","https://x.com/undefined/status/1974490995116130603","1187584153165807617",
"1974485481195962847","Sat Oct 04 14:43:17 +0000 2025","0","Jungwon live tp aku udah ga ada tenaga...cape bgt nugas dari kmrn","1974485481195962847","","","in","","0","0","0","https://x.com/undefined/status/1974485481195962847","1794053762316922882",
"1974442376946229733","Sat Oct 04 11:52:00 +0000 2025","0","CAPE X NUGAS","1974442376946229733","","","in","","1","0","0","https://x.com/undefined/status/1974442376946229733","1788361658936782848",
"1974428139414856130","Sat Oct 04 10:55:26 +0000 2025","3","malem ini nugas ngga yaaaa. kalo nurutin cape pasti cape terus tapi minggu ini aku belum berprogres wkwk","1974428139414856130","","","in","","0","3","0","https://x.com/undefined/status/1974428139414856130","1244832831785668609",
"1974412847695446206","Sat Oct 04 09:54:40 +0000 2025","0","aku hari ini ngerasa cape banget nugas dari semalem belum tidur terus ini baru pulang kerja juga tapi masyaAllah.. ada aja yang bikin seneng kaya murid muridku tiba-tiba ngasih pie menurutku lucuuu terus dikasih roti &amp; mam sama mbah yang nyewain tempat buat les","1974412847695446206","","","in","","0","0","0","https://x.com/undefined/status/1974412847695446206","1608050486929940481",
"1974346656641659214","Sat Oct 04 05:31:39 +0000 2025","1","Gmn ya urgteh ngerasa urg hatus bgt gawe tapi di sisi lain urg harus nugas dan urg cape bgt tapi urg butuh bgt duit","1974346656641659214","","","in","","0","3","0","https://x.com/undefined/status/1974346656641659214","1141037525881896960",
"1974343558699364801","Sat Oct 04 05:19:20 +0000 2025","0","cape bro energinya abis grgr bersihin kos.. gamau nugas","1974343558699364801","","","in","","0","0","0","https://x.com/undefined/status/1974343558699364801","1469960470626897920",
"1973551063593820301","Thu Oct 02 00:50:15 +0000 2025","0","bangun tidur bukannya seger malah lgsg cape soalnya udh kebayang hari ini bakal nugas terus","1973551063593820301","","","in","","0","0","0","https://x.com/undefined/status/1973551063593820301","1575468660520816640",
"1973441711662874958","Wed Oct 01 17:35:43 +0000 2025","41","cape bgt gue nugas ‍ https://t.co/clxKQSe1m5","1973441711662874958","https://pbs.twimg.com/media/G2MSxldbUAAx-cK.jpg","","in","","0","11","0","https://x.com/undefined/status/1973441711662874958","1599304051543670784",
"1973426850543354294","Wed Oct 01 16:52:25 +0000 2025","0","@gaonmusang nggaaa pulang maghrib tdi cuma krna cape jdi aku tidurr bangun jam set 10 lanjut nugas dikitt trus cuci muka gosok gigi baru skrg megang hp","1973430816677175340","","gaonmusang","in","","0","1","0","https://x.com/undefined/status/1973430816677175340","1918528309077655552",
"1973414216314003832","Wed Oct 01 15:46:28 +0000 2025","0","cape belajar cape nugas cape ga pinter di mapel wkwkwk benci","1973414216314003832","","","in","","0","0","0","https://x.com/undefined/status/1973414216314003832","1931357276201443328",
"1973337634786492763","Wed Oct 01 10:42:09 +0000 2025","0","hskt ini emng awal dnger yg nyantol cuma reffny doang imo tapiii justru bikin pengen nguasai bagian lainnya sampe hapal satu lagu ituuu secepatnya trus bikin nagih bgt smpe gw klo nugas wajib hskt biar ttp melek n ngga cpt cape wkwkwk","1973337634786492763","","","in","","1","0","0","https://x.com/undefined/status/1973337634786492763","1789265578223710210",
"1973092990047453587","Tue Sep 30 18:30:01 +0000 2025","0","@IndiHomeCare @IndiHome cape bngt ini wifiku mati udah nyoba call teknisi udh sehari lewat juga ga diperbaiki :))) aku mau nugas jd kehambat sm ini","1973092990047453587","","IndiHomeCare","in","","0","1","0","https://x.com/undefined/status/1973092990047453587","1541689115196149760",
"1972734259535478950","Mon Sep 29 18:44:33 +0000 2025","0","kuliah ternyata cape ya eheh masih heran kok dulu gue bisa survive stan yg tekanannya jauh lebih wadidaw drpda di ub. ini niat mau belajar kuis aja kaga ada mending kerja fix. cape pagi-sore aja malem yaa rebahan. nah ini? pagi-sore kelas waktu menyesuaikan sih malem nugas ew","1972734259535478950","","","in","","0","0","0","https://x.com/undefined/status/1972734259535478950","757172578876166144",
"1972698338324779166","Mon Sep 29 16:33:58 +0000 2025","1","@thejurgenholic Nugas kak gen : ) cape bgt.","1972701396102414773","","thejurgenholic","in","","0","0","0","https://x.com/undefined/status/1972701396102414773","1284171712129425408",
"1972649807639707888","Mon Sep 29 13:08:58 +0000 2025","0","ih apaansih nugas mulu cape ege","1972649807639707888","","","in","","0","0","0","https://x.com/undefined/status/1972649807639707888","1352520877045243905",
"1972260401846034449","Sun Sep 28 16:11:04 +0000 2025","0","@sekartheyapper kaii kalo lagi cape dan butuh tempat istirahat bole ke aku ajaa yaa aku ada kamar kosong ada meja gede juga jadi bisa ngegamtek disitu kl emang kamu butuh tempat nugas yg hening","1972333244931862635","","sekartheyapper","in","","0","1","0","https://x.com/undefined/status/1972333244931862635","1927022283836567552",
"1972333228938887300","Sun Sep 28 16:11:00 +0000 2025","0","cape banget mau nugas tapi spotify nya ga premium tbtb iklan podcast horor ","1972333228938887300","","","in","","0","0","0","https://x.com/undefined/status/1972333228938887300","2759045219",
"1972324855535337766","Sun Sep 28 15:37:45 +0000 2025","0","cape nugas mulu tiap hari","1972324859008167985","","awgojo","in","","0","0","0","https://x.com/undefined/status/1972324859008167985","1534023205576355840",
"1972250251038953550","Sun Sep 28 10:41:54 +0000 2025","0","Wallahi lagi cape nugas liat amirul muncul sliweran moodboster bgt","1972250409696968754","","iketanijo","in","","0","0","0","https://x.com/undefined/status/1972250409696968754","1863201141561217024",
"1971997370742424040","Sat Sep 27 17:56:25 +0000 2025","0","sumpah ya nugas tuh cape di nyari referensi rujukan dan bacain satu satu referensinya buat diambil buat materi jir ??? bisa berjam-jam gue bacain jurnal jurnal orang buat gue ambil materinya ️️ karena udah agak trust issue sama ai sbnrnyah tp ya gmn ya monyiet NGANTUKKKK","1971997370742424040","","","in","","0","0","0","https://x.com/undefined/status/1971997370742424040","1510730860810567682",
"1968011371033006411","Sat Sep 27 15:38:03 +0000 2025","0","@Maleleads cape nugas heheheh","1971962550486290545","","Maleleads","tl","","0","0","0","https://x.com/undefined/status/1971962550486290545","1650118868009107463",
"1971942833734213641","Sat Sep 27 14:19:43 +0000 2025","0","cape bgt jir blm nugas lg","1971942833734213641","","","in","","0","0","0","https://x.com/undefined/status/1971942833734213641","1014691501920608257",
"1969305633015894216","Sat Sep 20 08:11:40 +0000 2025","0","@panggilbudok ehiya pls udah keburu cape nugas","1969313498762007033","","tulipeca","in","","0","0","0","https://x.com/undefined/status/1969313498762007033","1876574733573169152",
"1969276220559753661","Sat Sep 20 05:43:33 +0000 2025","0","cape bgt nugas mulu astaga","1969276220559753661","","","in","","0","0","0","https://x.com/undefined/status/1969276220559753661","1926590971",
"1968658807698964951","Thu Sep 18 12:50:10 +0000 2025","0","nugas cape cape ga di koreksi fakklah","1968658807698964951","","","in","","0","0","0","https://x.com/undefined/status/1968658807698964951","1661686932097859585",
"1968313757492560157","Wed Sep 17 13:59:03 +0000 2025","16","Cape aku cape ga mood nugas HUAAAAAAAA Aku benci tugas tulisan tulisan ini","1968313757492560157","","","in","","0","0","0","https://x.com/undefined/status/1968313757492560157","1670282424629202944",
"1967270809283760407","Sun Sep 14 16:54:45 +0000 2025","0","cape bgt yaAllahhhh tiap hari bangun pagi tidur malem baru kelar nugas pls letsgo home","1967270809283760407","","","in","","0","0","0","https://x.com/undefined/status/1967270809283760407","1811076610596163586",
"1967139034255278220","Sun Sep 14 14:53:25 +0000 2025","0","@uppifess kalo cape dan jenuh sampe nangis pernah nder pas skripsian.. kuncinya ngobrol sama temen cerita stress nugas tuh bukan berarti lemah kok... no no ya no no s3lfh4rm.. tugas hanya sementara semangat nder","1967240274725531867","","uppifess","in","","0","1","0","https://x.com/undefined/status/1967240274725531867","1629289929418371073",
"1967170609248665782","Sun Sep 14 10:16:36 +0000 2025","0","cepetan dong renov lt2 nya biar gue bisa nugas sepuasnya cape kl begadang di cek mulu trs disuru tidur taekkk","1967170609248665782","","","in","","0","0","0","https://x.com/undefined/status/1967170609248665782","1370997737055944708",
"1966515590476038623","Fri Sep 12 14:53:47 +0000 2025","0","cape bgt pusing bgt istirahatnya cuma malem doang. itu pun masih dibuat nugas","1966515590476038623","","","in","","0","0","0","https://x.com/undefined/status/1966515590476038623","1147346703718027264",
"1966139813054263425","Thu Sep 11 14:00:35 +0000 2025","0","cape+pilek tapi masih bisa mandi dan nugas. gw hebat","1966139813054263425","","","in","","0","0","0","https://x.com/undefined/status/1966139813054263425","1101390941242351616",
"1965845637444022507","Wed Sep 10 18:35:08 +0000 2025","0","@trashit888 cape bantuin ceng nugas","1965846520181510293","","trashit888","in","","0","0","0","https://x.com/undefined/status/1965846520181510293","1569537592584183812",
"1965785662613066082","Wed Sep 10 14:41:18 +0000 2025","0","@dongmingirls YAKAN... cape bgt rasanya... weekend pun nugas...","1965787673182060719","","dongmingirls","in","","0","0","0","https://x.com/undefined/status/1965787673182060719","1223202957052612608",
"1965739487784538512","Wed Sep 10 11:29:50 +0000 2025","0","CAPE NUGAS WOY","1965739487784538512","","","in","","0","0","0","https://x.com/undefined/status/1965739487784538512","1415160114667872259",
"1965630690931998764","Wed Sep 10 07:23:29 +0000 2025","0","@AntsyaElaa waduuu bub. ak juga egk mw gbutt tp cape jg nugas","1965677492406226981","","helloelaaa","in","","0","1","0","https://x.com/undefined/status/1965677492406226981","1648988754546429953",
"1965624175139467672","Wed Sep 10 03:51:37 +0000 2025","0","jink ternyata lebih baik lu cape nugas ya dibanding lu cape dirumah doang ga ngapa ngapain pantek","1965624175139467672","","","in","","0","0","0","https://x.com/undefined/status/1965624175139467672","1709643800388546560",
"1965485334147551595","Tue Sep 09 18:39:55 +0000 2025","0","Kok bisa ya padahal hari ini gua kayak yang padet banget dikantor terus nyetir jauh+macet ditambah nugas dulu malemnya malah ga kerasa cape sama sekali???? Ini efek lega kah","1965485334147551595","","","in","","0","0","0","https://x.com/undefined/status/1965485334147551595","11735172",
"1965078564120002802","Mon Sep 08 15:43:33 +0000 2025","0","NUGAS KAGA KELAR2 DAH. CAPE+NGANTUK BGT PLS.","1965078564120002802","","","in","","0","0","0","https://x.com/undefined/status/1965078564120002802","1954059100037558275",
"1964628395041710552","Sun Sep 07 09:54:45 +0000 2025","0","jujur cape banget ngejar snbt nyambi tka + uh nugas mulu tiap hari mau ada uprak take video uprak ngelukis uprak tapi gua suka banget plsss gua suka banget hectic kaya ginii semangatnya ada banget tiap hari makin suka belajar makin suka tebak tebakan makin suka baca","1964628395041710552","","","in","","0","0","0","https://x.com/undefined/status/1964628395041710552","1680046321871495168",
"1964515117783232623","Sun Sep 07 02:24:37 +0000 2025","1","lagi nugas di kereta ketiduran kaget dibangunin prama buat nganter teh sama tekwan. malu bgt laptopku sikonnya udah kayak mau jatuh cape pol 2 hari fam time sama keluarga mama yang banyak bgtt tapi happyyyy https://t.co/svazPscuK6","1964515117783232623","https://pbs.twimg.com/media/G0Nb9U8WsAAZqpB.jpg","","in","","0","0","0","https://x.com/undefined/status/1964515117783232623","1447861388089565190",
"1964301530216943824","Sat Sep 06 12:15:54 +0000 2025","5","cape nugas","1964301530216943824","","","es","","0","4","0","https://x.com/undefined/status/1964301530216943824","1312845545090641921",
"1963989295456280744","Fri Sep 05 15:35:11 +0000 2025","0","cape nugas ","1963989295456280744","","","es","","0","0","0","https://x.com/undefined/status/1963989295456280744","1242979556115374080",
"1963790740745802174","Fri Sep 05 02:26:12 +0000 2025","0","tai aku ga roblox hari ini cape mau nugas bikin makalah","1963790740745802174","","","in","","0","0","0","https://x.com/undefined/status/1963790740745802174","1595024254504153088",
"1963576189609562617","Thu Sep 04 12:13:39 +0000 2025","1","cape banhet ga mut main gem ga mut nugas ga mut cuci baju","1963576189609562617","","","in","","0","0","0","https://x.com/undefined/status/1963576189609562617","1684376891577491456",
"1962978979343671705","Tue Sep 02 20:52:47 +0000 2025","1","@seaseain ask productive olman gereken yer var dinlenmen gereken yer var burnout olcaksın kendine yüklenme. bir kaç gün ciddili akademik olarak 0 şey yapsan sonra geldiginde toparlayabiirsin her türlü. sağlığın en önemli şey","1962982057371435188","","seaseain","tr","","0","1","0","https://x.com/undefined/status/1962982057371435188","1231304988980318209",
"1962900814651076959","Tue Sep 02 15:29:57 +0000 2025","0","cape nugas malah sange anjengg anjengg","1962900814651076959","","","in","","0","1","0","https://x.com/undefined/status/1962900814651076959","1852337623072997376",
"1962880293305737342","Tue Sep 02 14:08:25 +0000 2025","0","iya tau cape ngantuk tapi aku kita bareng nugas jarang tidur duluan udh 3 hari kamu tidur duluan gini. udahh mungkin dia cape...","1962880293305737342","","","in","","0","0","0","https://x.com/undefined/status/1962880293305737342","1895656310802382848",
"1962878383542734860","Tue Sep 02 14:01:22 +0000 2025","0","cape gw nugas mulu apa yg dikejar sih babi","1962878521472430284","","oursanka","in","","0","2","0","https://x.com/undefined/status/1962878521472430284","1772620178767118337",
"1962736099807363396","Tue Sep 02 04:35:26 +0000 2025","3","kalo lagi cape nugas gini beneran pengen punya cowo hy gais info bf rent yang bisa bantuin aku nugas #bfrent #zonauang #zonajajan","1962736099807363396","","","in","","0","5","0","https://x.com/undefined/status/1962736099807363396","1404397704512380928",
"1962505047490908449","Mon Sep 01 13:17:19 +0000 2025","0","cape nugas","1962505047490908449","","","es","","0","0","0","https://x.com/undefined/status/1962505047490908449","1527923944229322753",
"1962413226504970737","Mon Sep 01 07:12:27 +0000 2025","0","Cape cape nugas kehapus njir","1962413226504970737","","","in","","0","0","0","https://x.com/undefined/status/1962413226504970737","1082649497547751424",
"1961791512334999796","Sat Aug 30 14:01:59 +0000 2025","0","gue tinggal bentar nih x habis nugas cape banget buka x lebih cape lagi liat orang-orang pada house tour","1961791512334999796","","","in","","0","0","0","https://x.com/undefined/status/1961791512334999796","1863834118574022656",
"1961617309602345217","Sat Aug 30 02:29:46 +0000 2025","0","kocak bgt disuru ke sana YA GAMAU LAH anak pertama mulu cih weekend gni jg masi nugas kali gmw ya gue cape eh dikira free se free itu mending gue rest drpd jalan klo bole ga pulang si yaa ga akan tp tau diri aja ","1961617309602345217","","","in","","0","0","0","https://x.com/undefined/status/1961617309602345217","1506998862401404931",
"1961365713999769909","Fri Aug 29 09:50:01 +0000 2025","0","dih males amat lg nugas gini tbtb ada bt emg lo doang apa yg cape njiieers","1961365713999769909","","","in","","0","0","0","https://x.com/undefined/status/1961365713999769909","1004324106693591046",
"1961111499323445719","Thu Aug 28 16:59:51 +0000 2025","0","Udah lama ga nugas sampe malem ternyata cape jg","1961111499323445719","","","in","","0","0","0","https://x.com/undefined/status/1961111499323445719","1373781721",
"1958412268783432130","Thu Aug 28 16:30:52 +0000 2025","0","@Gracie_JKT48 Malem neng... gpp si hibernasi dikit emang cape juga kan yg penting cicilan tugas tetep jalan kan... kalo bingung makan apa mending yg biasa ga sih? AYAM tydac perna salah kan btw gpp neng selamat lanjut nugas gas! yg penting ga tau2 jam 5 pagi aja yak #Ciedibales","1961104202589171885","","FerdyP92","in","","0","0","0","https://x.com/undefined/status/1961104202589171885","1919042894855610369",
"1961049100188782949","Thu Aug 28 12:51:54 +0000 2025","0","sekarang nangisnya bukan karena cape nugas cape belajar atau stres kuliah. tapi nangis karena bahagia terharu dan bangga. akhirnya perjuangan ini dibayar tuntas dengan nilai sangat baik","1961049100188782949","","","in","","0","0","0","https://x.com/undefined/status/1961049100188782949","1494309227464040450",
"1961036846001184795","Thu Aug 28 12:05:33 +0000 2025","0","@dictiwonary Wkwkwk semangat yaaa aku jg kadang rada ga enak sama mootsku kalo sibuk kuliah. Tapi itu kenyataannya kdng nyambat pas bener² cape nugas doang","1961037436274065740","","dictiwonary","in","","0","0","0","https://x.com/undefined/status/1961037436274065740","1496089179616268296",
"1960677615582232657","Wed Aug 27 12:15:45 +0000 2025","0","cape bgt guwah gamawu nugas aaaaaaaaaaaaa","1960677615582232657","","","in","","0","0","0","https://x.com/undefined/status/1960677615582232657","1467852609029431297",
"1960243484004389127","Tue Aug 26 07:30:40 +0000 2025","0","aku tim ga nge kos karena masih kuat buat pp lebih suka nugas di rumah karena kalo kerasa cape bisa istirahat rebahan / nyantai bentar kalo ke cafe sih biasanya buat main nongki / rapat buat bahas event","1960243484004389127","","","in","","0","0","0","https://x.com/undefined/status/1960243484004389127","1234797270282854402",
"1958819235624374492","Fri Aug 22 09:11:13 +0000 2025","0","https://t.co/mGwdIhZcDq DAMN PLAYLIS KU KEPUTER LAGUUU YANG MENEMANI KU PAS SMA CAPE NUGAS DAN ORGANISASI","1958819235624374492","","","in","","0","0","0","https://x.com/undefined/status/1958819235624374492","1576519079132684289",
"1958200138285060301","Wed Aug 20 16:11:09 +0000 2025","0","ga deh gajadi nugas anjg cape bngt demi Allah","1958200138285060301","","","in","","0","0","0","https://x.com/undefined/status/1958200138285060301","1343594353105666055",
"1958166095728452065","Wed Aug 20 13:55:52 +0000 2025","0","mls nugas cape nugas trus awkwk pdhl banyak main hp nya ","1958166095728452065","","","in","","0","0","0","https://x.com/undefined/status/1958166095728452065","1573268057719730176",
"1956731791773225356","Tue Aug 19 15:43:45 +0000 2025","0","day 4 : done ‼️ ternyata lebih cape liat mereka main daripada nugas https://t.co/LntXtkCK6C","1957830857013751906","https://pbs.twimg.com/media/GyucxguacAEZ42q.jpg","absen_81","in","","0","1","0","https://x.com/undefined/status/1957830857013751906","1503046070850691072",
"1957820375791989223","Tue Aug 19 15:02:06 +0000 2025","0","cape tapi gamau tidur tapi banyak tugas tapi gamau nugas cape","1957820375791989223","","","in","","0","0","0","https://x.com/undefined/status/1957820375791989223","1184079777772138496",
"1957770815732162674","Tue Aug 19 11:45:10 +0000 2025","0","hari² nugas cape woe!","1957770815732162674","","","en","","0","0","0","https://x.com/undefined/status/1957770815732162674","1941869098281152512",
"1957505919593660543","Mon Aug 18 18:12:34 +0000 2025","0","h-4 cape banget ini aja baru balik dr posko cwo abis nugas trus pagi ini juga bakal padet kegiatannya","1957505919593660543","","","in","","1","0","0","https://x.com/undefined/status/1957505919593660543","1738100180438908928",
"1957466550950338753","Mon Aug 18 15:36:08 +0000 2025","0","DAY 1 NUGAS MOKAKU CAPE BANGET YA ALLAH harus pura² bahagia depan kamera asli nya mah mau nangis karna take video lebih dr 100x ","1957466550950338753","","","in","","0","1","0","https://x.com/undefined/status/1957466550950338753","1471491903455563786",
"1957445660325675112","Mon Aug 18 14:13:07 +0000 2025","0","Kerja sambil nugas kayak bikin laporan mirip skripsi gitu semoga bisalah ya ga kebayang aja sie hectic nya cape nya homesick nya ","1957445660325675112","","","in","","0","0","0","https://x.com/undefined/status/1957445660325675112","1760972874159206400",
"1957443554349085113","Mon Aug 18 14:04:45 +0000 2025","0","belajar ga ngerti cape capenya nugas tau cuma dijadiin back burner sakit bgt rasanya https://t.co/70dvAHAQGC","1957443554349085113","https://pbs.twimg.com/media/Gyo8ifVaoAALrK7.jpg","","in","","0","0","0","https://x.com/undefined/status/1957443554349085113","1887772211710423040",
"1956771420735975747","Sat Aug 16 17:33:56 +0000 2025","0","bruh cape sedih terus......haha hihi nugas kerja main roblox tp ttp kambuh sedihnya","1956771420735975747","","","in","","0","0","0","https://x.com/undefined/status/1956771420735975747","1353683719568072707",
"1956070827742650421","Thu Aug 14 19:10:02 +0000 2025","0","duh gw cape bgt nugas","1956070827742650421","","","in","","0","0","0","https://x.com/undefined/status/1956070827742650421","1596342022855884801",
"1955991814588260669","Thu Aug 14 13:56:03 +0000 2025","0","Cape bngt Agustus ini full nugas begadang kegiatan les belajar dll","1955991814588260669","","","in","","0","1","0","https://x.com/undefined/status/1955991814588260669","1520744072872284162",
"1955921344757112998","Thu Aug 14 09:16:02 +0000 2025","0","Seharian nugas laporan panjang dapet 3. Cape banget ternyata. Bisa aja template tapi aku gak mau. Karena setiap klien jelas beda-beda.","1955921344757112998","","","in","","0","1","0","https://x.com/undefined/status/1955921344757112998","1433330913421660160",
"1955676293472907553","Wed Aug 13 17:02:17 +0000 2025","36","beberapa hari kebelakang cape bgt rasanya tambahan tiap hari tugas + uh yang gaada abisnya begadang nugas lagi begadang lagi nugas lagi begadang lagi. https://t.co/NP0J4zuXPh","1955676293472907553","https://pbs.twimg.com/media/GyP1N77akAAnCC6.jpg","","in","","0","6","1","https://x.com/undefined/status/1955676293472907553","1871922218479013888",
"1955673449135006117","Wed Aug 13 16:50:59 +0000 2025","0","cape bgt dah gua anjg nugas gak kelar-kelar ini kapan istirahat nye","1955673449135006117","","","in","","0","0","0","https://x.com/undefined/status/1955673449135006117","1379685364399448064",
"1955665501432221720","Wed Aug 13 16:19:24 +0000 2025","0","lucuuuu..... lagi cape nya hapalann suratt dan nugas nyatet lainnya eh ada konten inii hnggg https://t.co/7tx9HnGMIO","1955665501432221720","https://pbs.twimg.com/media/GyPraDRawAAPAtk.jpg","","in","","0","0","0","https://x.com/undefined/status/1955665501432221720","1825475746506448896",
"1955630294624821419","Wed Aug 13 13:59:30 +0000 2025","0","cape bgt anjg nugas","1955630294624821419","","","in","","0","0","0","https://x.com/undefined/status/1955630294624821419","1817947368631025664",
"1955286350539702650","Tue Aug 12 15:12:48 +0000 2025","0","hari ini cape banget hujan kehujanan dingin banget juga mau bobo tapi lagi nemenin ayon nugas","1955286350539702650","","","in","","0","1","0","https://x.com/undefined/status/1955286350539702650","1941038154095775744",
"1954872494411977085","Mon Aug 11 11:59:03 +0000 2025","0","@yoonlawo_o omaygat... kamu pasti cape banget aku baru m
